year,industry_code_ANZSIC,industry_name_ANZSIC,rme_size_grp,variable,value,unit
2011,A,"Agriculture, Forestry and Fishing",a_0,Activity unit,46134,COUNT
2011,A,"Agriculture, Forestry and Fishing",a_0,Rolling mean employees,0,COUNT
2011,A,"Agriculture, Forestry and Fishing",a_0,Salaries and wages paid,279,DOLLARS(millions)
2011,A,"Agriculture, Forestry and Fishing",a_0,"Sales, government funding, grants and subsidies",8187,DOLLARS(millions)
2011,A,"Agriculture, Forestry and Fishing",a_0,Total income,8866,DOLLARS(millions)
2011,A,"Agriculture, Forestry and Fishing",a_0,Total expenditure,7618,DOLLARS(millions)
2011,A,"Agriculture, Forestry and Fishing",a_0,Operating profit before tax,770,DOLLARS(millions)
2011,A,"Agriculture, Forestry and Fishing",a_0,Total assets,55700,DOLLARS(millions)
2011,A,"Agriculture, Forestry and Fishing",a_0,Fixed tangible assets,32155,DOLLARS(millions)
2011,A,"Agriculture, Forestry and Fishing",b_1-5,Activity unit,21777,COUNT
2020,A,"Agriculture, Foresty and Fishing",b_1-6,Activity Unit,8000,DOLLARS(Million)
2020,A,"Agriculture, Foresty and Fishing",b_1-6,Activity Unit,8000,DOLLARS(Million)
2020,A,"Agriculture, Foresty and Fishing",b_1-6,Activity Unit,8000,DOLLARS(Million)
